subarea,ens,unet,fold,type,grp_mean_1,grp_mean_2,grp_mean_3,grp_median_1,grp_median_2,grp_median_3,grp_std_1,grp_std_2,grp_std_3,anova_ok,U_kwa_all,eta^2_kwa_all,p_kwa_all,kwa_all,c_kwa_all,eta^2_aov_all,p_aov_all,aov_all,c_aov_all,U_mwu1_vs_2,eta^2_mwu1_vs_2,p_mwu1_vs_2,c_mwu1_vs_2,c0.01_mwu1_vs_2,c0.001_mwu1_vs_2,mwu1_vs_2,eta^2_aov1_vs_2,p_aov1_vs_2,c_aov1_vs_2,aov1_vs_2,U_mwu1_vs_3,eta^2_mwu1_vs_3,p_mwu1_vs_3,c_mwu1_vs_3,c0.01_mwu1_vs_3,c0.001_mwu1_vs_3,mwu1_vs_3,eta^2_aov1_vs_3,p_aov1_vs_3,c_aov1_vs_3,aov1_vs_3,U_mwu2_vs_3,eta^2_mwu2_vs_3,p_mwu2_vs_3,c_mwu2_vs_3,c0.01_mwu2_vs_3,c0.001_mwu2_vs_3,mwu2_vs_3,eta^2_aov2_vs_3,p_aov2_vs_3,c_aov2_vs_3,aov2_vs_3,ens_clean,valid,models_clean,initialization
BLA,ens_f27a,ens_f27a,e,norm_cfos_per_area,0.9999999999999998,1.9578245293974366,1.5589923220532662,1.0352057639957404,1.9080447509463814,1.7409723458934885,0.31195650316535795,0.32618887793174156,0.43504915035684727,True,15.587076923076935,0.6175944055944061,0.00041239106927901066,1,0.18143020668672633,0.64,1.3013605607579846e-05,1,0.2384041903808527,0.0,0.7142857142857143,0.00018267179110955002,0.28655696409695314,0.43076979610177035,0.6436565847809615,2,0.714,2.7177500259928238e-06,0.2789930525945598,2,7.0,0.32400000000000007,0.032088733978231275,0.38207595212927087,0.5743597281356938,0.8582087797079487,0,0.389,0.01290298289958912,0.367094137707543,3,36.0,0.121,0.19844930359201252,0.38207595212927087,0.5743597281356938,0.8582087797079487,0,0.236,0.06624578298953109,0.367094137707543,0,inns2_consensus1,yes,ensemble, from scratch
BLA,ens_f27a,f27a_sc_cyc_inns_02_cFOS_staple_1.0016.h5,1,norm_cfos_per_area,1.0,1.9115257658123412,1.5007693981208505,1.032421168917884,1.8677325578737771,1.6768911997832974,0.27390326703791346,0.4162608424314257,0.4420351918273508,True,15.197538461538471,0.5998881118881123,0.0005010677528620717,1,0.18143020668672633,0.58,7.2044398531631e-05,1,0.2384041903808527,0.0,0.7142857142857143,0.00018267179110955002,0.28655696409695314,0.43076979610177035,0.6436565847809615,2,0.65,1.7565912972538114e-05,0.2789930525945598,2,9.0,0.25599999999999995,0.05764939242959465,0.38207595212927087,0.5743597281356938,0.8582087797079487,0,0.365,0.017143043606971057,0.367094137707543,0,37.0,0.14399999999999993,0.15899590887730153,0.38207595212927087,0.5743597281356938,0.8582087797079487,0,0.194,0.100641756847869,0.367094137707543,0,inns2_consensus1,yes,model1, from scratch
BLA,ens_f27a,f27a_sc_cyc_inns_02_cFOS_staple_2.0027.h5,2,norm_cfos_per_area,1.0000000000000002,1.9867532139583726,1.532665105524476,0.9339502349926888,1.9715672121081629,1.6398183978421506,0.3098281402605782,0.2556147357355177,0.41604576468425647,True,17.329846153846162,0.6968111888111892,0.00017253282031013065,1,0.18143020668672633,0.694,2.164198185757677e-06,1,0.2384041903808527,0.0,0.7142857142857143,0.00018267179110955002,0.28655696409695314,0.43076979610177035,0.6436565847809615,2,0.77,3.7124033831883743e-07,0.2789930525945598,2,7.0,0.32400000000000007,0.032088733978231275,0.38207595212927087,0.5743597281356938,0.8582087797079487,0,0.378,0.014724670269161882,0.367094137707543,3,44.0,0.36099999999999993,0.02346497828868561,0.38207595212927087,0.5743597281356938,0.8582087797079487,0,0.349,0.02033243047120651,0.367094137707543,0,inns2_consensus1,yes,model2, from scratch
BLA,ens_f27a,f27a_sc_cyc_inns_02_cFOS_staple_3.0019.h5,3,norm_cfos_per_area,1.0,1.546695987453175,1.7661012596689765,0.9176405008426198,1.458762205783509,1.6859222661835995,0.4574876770700768,0.3448995277256063,0.4577707761250625,False,12.125538461538468,0.4602517482517486,0.0023279453353459707,1,0.18143020668672633,0.394,0.0040485166598637785,1,0.2384041903808527,9.0,0.4802857142857143,0.0022022199424970783,0.28655696409695314,0.43076979610177035,0.6436565847809615,2,0.336,0.007398751014287443,0.2789930525945598,2,4.0,0.44099999999999984,0.012048283642041375,0.38207595212927087,0.5743597281356938,0.8582087797079487,3,0.418,0.009179527540481592,0.367094137707543,3,18.0,0.049,0.4259831165449188,0.38207595212927087,0.5743597281356938,0.8582087797079487,0,0.078,0.3148949050029454,0.367094137707543,0,inns2_consensus1,yes,model3, from scratch
BLA,ens_f27a,f27a_sc_cyc_inns_02_cFOS_staple_4.0023.h5,4,norm_cfos_per_area,1.0000000000000002,2.0188316901607233,1.4185405481045532,0.9821674231812139,1.9864495524688397,1.3211851713061145,0.31974687289472953,0.3097835148577151,0.4695451980637194,True,16.648615384615397,0.6658461538461544,0.00024254878506168852,1,0.18143020668672633,0.662,6.5587341995322565e-06,1,0.2384041903808527,0.0,0.7142857142857143,0.00018267179110955002,0.28655696409695314,0.43076979610177035,0.6436565847809615,2,0.744,9.91121866379e-07,0.2789930525945598,2,10.0,0.22499999999999992,0.07575268761638222,0.38207595212927087,0.5743597281356938,0.8582087797079487,0,0.245,0.0608301087891425,0.367094137707543,0,44.0,0.36099999999999993,0.02346497828868561,0.38207595212927087,0.5743597281356938,0.8582087797079487,0,0.408,0.010419527752224404,0.367094137707543,2,inns2_consensus1,yes,model4, from scratch
BLA,ens_f27a,f27a_sc_cyc_inns_02_cFOS_staple_5.0023.h5,5,norm_cfos_per_area,1.0,2.0134904343338627,1.426710399126134,1.025447120675336,1.9845609609501667,1.4504715070259038,0.31827706144740214,0.3065487659080579,0.5194209202997749,True,15.673846153846156,0.6215384615384617,0.0003948821954458012,1,0.18143020668672633,0.645,1.1168888313340011e-05,1,0.2384041903808527,0.0,0.7142857142857143,0.00018267179110955002,0.28655696409695314,0.43076979610177035,0.6436565847809615,2,0.745,9.619291618750395e-07,0.2789930525945598,2,12.0,0.16899999999999996,0.12578642463894,0.38207595212927087,0.5743597281356938,0.8582087797079487,0,0.234,0.06795407725761783,0.367094137707543,0,42.0,0.2889999999999999,0.043297465779303324,0.38207595212927087,0.5743597281356938,0.8582087797079487,0,0.374,0.015495421612336645,0.367094137707543,2,inns2_consensus1,yes,model5, from scratch
BLA,ens_f27b,ens_f27b,e,norm_cfos_per_area,1.0,1.9589657096398778,1.498409319792529,1.0098076175842108,1.8998190839100584,1.5991176631864101,0.29184761377517404,0.32416391415930446,0.4498281928337428,True,16.33292307692308,0.6514965034965037,0.00028402123869511323,1,0.18143020668672633,0.646,1.0978246033712069e-05,1,0.2384041903808527,0.0,0.7142857142857143,0.00018267179110955002,0.28655696409695314,0.43076979610177035,0.6436565847809615,2,0.729,1.7021124384406466e-06,0.2789930525945598,2,8.0,0.2889999999999999,0.043297465779303324,0.38207595212927087,0.5743597281356938,0.8582087797079487,0,0.344,0.02144864864470917,0.367094137707543,0,41.0,0.25599999999999995,0.05764939242959465,0.38207595212927087,0.5743597281356938,0.8582087797079487,0,0.287,0.03949626129743355,0.367094137707543,0,inns2_consensus2,yes,ensemble, from scratch
BLA,ens_f27b,f27b_sc_cyc_inns_02_cFOS_staple_1.0025.h5,1,norm_cfos_per_area,1.0,2.02475227937357,1.375637670524571,0.9927621931228982,2.1215672911295163,1.3415139238821683,0.30808158541456865,0.3356529490755392,0.4980130684504157,True,15.956307692307703,0.6343776223776229,0.00034287183272487025,1,0.18143020668672633,0.651,9.481713208627271e-06,1,0.2384041903808527,0.0,0.7142857142857143,0.00018267179110955002,0.28655696409695314,0.43076979610177035,0.6436565847809615,2,0.738,1.2533780254897294e-06,0.2789930525945598,2,12.0,0.16899999999999996,0.12578642463894,0.38207595212927087,0.5743597281356938,0.8582087797079487,0,0.203,0.09188068575579737,0.367094137707543,0,43.0,0.32400000000000007,0.032088733978231275,0.38207595212927087,0.5743597281356938,0.8582087797079487,0,0.412,0.009911141199448156,0.367094137707543,2,inns2_consensus2,yes,model1, from scratch
BLA,ens_f27b,f27b_sc_cyc_inns_02_cFOS_staple_2.0015.h5,2,norm_cfos_per_area,1.0,1.2007828792423332,2.020491403032974,0.7614853113353024,1.1345920283256992,2.07473492521819,0.9253839564544778,0.3544011522489093,0.9877068657127864,False,9.073846153846162,0.32153846153846194,0.01070629838131864,1,0.18143020668672633,0.22,0.06525328228753659,0,0.2384041903808527,16.0,0.33028571428571435,0.011329696684474665,0.28655696409695314,0.43076979610177035,0.6436565847809615,2,0.022,0.529762159452495,0.2789930525945598,0,7.0,0.32400000000000007,0.032088733978231275,0.38207595212927087,0.5743597281356938,0.8582087797079487,0,0.23,0.07032068278011097,0.367094137707543,0,14.0,0.121,0.19844930359201252,0.38207595212927087,0.5743597281356938,0.8582087797079487,0,0.308,0.03176741861373011,0.367094137707543,0,inns2_consensus2,yes,model2, from scratch
BLA,ens_f27b,f27b_sc_cyc_inns_02_cFOS_staple_3.0019.h5,3,norm_cfos_per_area,1.0000000000000002,2.0090129373127317,1.5675259440058025,1.0262103123471369,2.009841958955479,1.736316428439387,0.2578344578670845,0.4003416485382503,0.42597627667914656,False,15.956307692307703,0.6343776223776229,0.00034287183272487025,1,0.18143020668672633,0.649,1.0088925196913835e-05,1,0.2384041903808527,0.0,0.7142857142857143,0.00018267179110955002,0.28655696409695314,0.43076979610177035,0.6436565847809615,2,0.714,2.771760486089579e-06,0.2789930525945598,2,7.0,0.32400000000000007,0.032088733978231275,0.38207595212927087,0.5743597281356938,0.8582087797079487,0,0.448,0.006369546375392096,0.367094137707543,3,38.0,0.16899999999999996,0.12578642463894,0.38207595212927087,0.5743597281356938,0.8582087797079487,0,0.231,0.07006304317582361,0.367094137707543,0,inns2_consensus2,yes,model3, from scratch
BLA,ens_f27b,f27b_sc_cyc_inns_02_cFOS_staple_4.0023.h5,4,norm_cfos_per_area,1.0,2.0098367878590846,1.4758246761390186,0.9707473238572109,2.0056400057956,1.5250182960750345,0.3367965962468388,0.3639719420779898,0.42476420940885135,True,15.402461538461552,0.6092027972027978,0.0004522701999522795,1,0.18143020668672633,0.635,1.539487379347579e-05,1,0.2384041903808527,1.0,0.6859999999999999,0.00024612812790522973,0.28655696409695314,0.43076979610177035,0.6436565847809615,2,0.697,4.638151910486252e-06,0.2789930525945598,2,11.0,0.196,0.09824834872949126,0.38207595212927087,0.5743597281356938,0.8582087797079487,0,0.302,0.03375905529734156,0.367094137707543,0,42.0,0.2889999999999999,0.043297465779303324,0.38207595212927087,0.5743597281356938,0.8582087797079487,0,0.332,0.024610943027094326,0.367094137707543,0,inns2_consensus2,yes,model4, from scratch
BLA,ens_f27b,f27b_sc_cyc_inns_02_cFOS_staple_5.0025.h5,5,norm_cfos_per_area,0.9999999999999997,2.0584761511781617,1.4700279162480827,0.968826998368101,2.0578869373899233,1.532532828471738,0.2740237770884988,0.2994007334787386,0.5591271116694104,True,16.157538461538465,0.6435244755244757,0.00031005240364067466,1,0.18143020668672633,0.673,4.625897252132648e-06,1,0.2384041903808527,0.0,0.7142857142857143,0.00018267179110955002,0.28655696409695314,0.43076979610177035,0.6436565847809615,2,0.791,1.585132026541466e-07,0.2789930525945598,2,11.0,0.196,0.09824834872949126,0.38207595212927087,0.5743597281356938,0.8582087797079487,0,0.277,0.044055732576940884,0.367094137707543,0,43.0,0.32400000000000007,0.032088733978231275,0.38207595212927087,0.5743597281356938,0.8582087797079487,0,0.359,0.01817004086002117,0.367094137707543,0,inns2_consensus2,yes,model5, from scratch
BLA,ens_f27c,ens_f27c,e,norm_cfos_per_area,0.9999999999999998,1.9532264406915634,1.420256669069426,1.0037936648951127,1.9301904332611848,1.4688323881327252,0.32759745028867493,0.31427848760249283,0.484336360671361,True,16.443692307692316,0.6565314685314689,0.00026871851097664455,1,0.18143020668672633,0.62,2.3904788254379402e-05,1,0.2384041903808527,0.0,0.7142857142857143,0.00018267179110955002,0.28655696409695314,0.43076979610177035,0.6436565847809615,2,0.71,3.1219618417626086e-06,0.2789930525945598,2,11.0,0.196,0.09824834872949126,0.38207595212927087,0.5743597281356938,0.8582087797079487,0,0.236,0.06626950628843141,0.367094137707543,0,44.0,0.36099999999999993,0.02346497828868561,0.38207595212927087,0.5743597281356938,0.8582087797079487,0,0.341,0.02219672918563185,0.367094137707543,0,inns2_consensus3,yes,ensemble, from scratch
BLA,ens_f27c,f27c_sc_cyc_inns_02_cFOS_staple_1.0027.h5,1,norm_cfos_per_area,1.0000000000000002,1.9898568219821418,1.378526079179878,1.039554297748142,1.9653631310240363,1.5105950215023192,0.3507008122456647,0.3663748084398064,0.4558700587551245,True,15.956307692307703,0.6343776223776229,0.00034287183272487025,1,0.18143020668672633,0.612,3.038646670189165e-05,1,0.2384041903808527,0.0,0.7142857142857143,0.00018267179110955002,0.28655696409695314,0.43076979610177035,0.6436565847809615,2,0.679,7.940785045470998e-06,0.2789930525945598,2,12.0,0.16899999999999996,0.12578642463894,0.38207595212927087,0.5743597281356938,0.8582087797079487,0,0.198,0.09679088337593822,0.367094137707543,0,43.0,0.32400000000000007,0.032088733978231275,0.38207595212927087,0.5743597281356938,0.8582087797079487,0,0.379,0.014520384320354327,0.367094137707543,2,inns2_consensus3,yes,model1, from scratch
BLA,ens_f27c,f27c_sc_cyc_inns_02_cFOS_staple_2.0025.h5,2,norm_cfos_per_area,1.0000000000000002,1.9847727995890523,1.3081566811876264,1.0630987184173653,1.953354070633389,1.4418206525877728,0.37785186071369725,0.40625663027671133,0.41471132692049717,True,15.41907692307693,0.6099580419580423,0.00044852844249657076,1,0.18143020668672633,0.59,5.445592485774259e-05,1,0.2384041903808527,3.0,0.6311428571428572,0.00043963875262656454,0.28655696409695314,0.43076979610177035,0.6436565847809615,2,0.636,2.513740443653604e-05,0.2789930525945598,2,12.0,0.16899999999999996,0.12578642463894,0.38207595212927087,0.5743597281356938,0.8582087797079487,0,0.138,0.1723460119198954,0.367094137707543,0,46.0,0.44099999999999984,0.012048283642041375,0.38207595212927087,0.5743597281356938,0.8582087797079487,2,0.413,0.009828512777335664,0.367094137707543,2,inns2_consensus3,yes,model2, from scratch
BLA,ens_f27c,f27c_sc_cyc_inns_02_cFOS_staple_3.0024.h5,3,norm_cfos_per_area,1.0000000000000002,2.0577657670847094,1.3760108471336445,1.006942784290752,1.991270448735816,1.2554177731723277,0.3588010750718698,0.3992802208188432,0.5212042942387564,True,15.734769230769245,0.624307692307693,0.00038303483673605477,1,0.18143020668672633,0.607,3.438474487279849e-05,1,0.2384041903808527,0.0,0.7142857142857143,0.00018267179110955002,0.28655696409695314,0.43076979610177035,0.6436565847809615,2,0.683,7.04385613711008e-06,0.2789930525945598,2,15.0,0.09999999999999996,0.24462360512698333,0.38207595212927087,0.5743597281356938,0.8582087797079487,0,0.173,0.12249476118150822,0.367094137707543,0,44.0,0.36099999999999993,0.02346497828868561,0.38207595212927087,0.5743597281356938,0.8582087797079487,0,0.381,0.014292083644213086,0.367094137707543,2,inns2_consensus3,yes,model3, from scratch
BLA,ens_f27c,f27c_sc_cyc_inns_02_cFOS_staple_4.0021.h5,4,norm_cfos_per_area,1.0000000000000002,1.668944160198373,1.5207737525233938,0.9708407722585526,1.6842018840488837,1.5212151512567194,0.33904033772343983,0.32325930258507957,0.32817704694888,True,12.243692307692314,0.4656223776223779,0.002194401019287459,1,0.18143020668672633,0.497,0.0005225041892832156,1,0.2384041903808527,6.0,0.553142857142857,0.0010079762403767444,0.28655696409695314,0.43076979610177035,0.6436565847809615,2,0.531,0.0002675615789944827,0.2789930525945598,2,7.0,0.32400000000000007,0.032088733978231275,0.38207595212927087,0.5743597281356938,0.8582087797079487,0,0.382,0.014136616538024158,0.367094137707543,3,31.0,0.03599999999999998,0.5005594978181394,0.38207595212927087,0.5743597281356938,0.8582087797079487,0,0.051,0.4199213504952396,0.367094137707543,0,inns2_consensus3,yes,model4, from scratch
BLA,ens_f27c,f27c_sc_cyc_inns_02_cFOS_staple_5.0021.h5,5,norm_cfos_per_area,1.0,1.6785982390139391,1.5103968302589226,1.0009525288361847,1.6411717170348603,1.699965534379961,0.3114395175791706,0.3851205308075201,0.45737190015258977,True,11.3483076923077,0.42492307692307724,0.0034335730785322615,1,0.18143020668672633,0.443,0.0016070863260713808,1,0.2384041903808527,6.0,0.553142857142857,0.0010079762403767444,0.28655696409695314,0.43076979610177035,0.6436565847809615,2,0.51,0.00040101042078304126,0.2789930525945598,2,9.0,0.25599999999999995,0.05764939242959465,0.38207595212927087,0.5743597281356938,0.8582087797079487,0,0.337,0.023313387058450184,0.367094137707543,0,28.0,0.008999999999999996,0.7594628653799336,0.38207595212927087,0.5743597281356938,0.8582087797079487,0,0.042,0.46582014111345005,0.367094137707543,0,inns2_consensus3,yes,model5, from scratch
BLA,ens_p27a,ens_p27a,e,norm_cfos_per_area,1.0,2.066965265048839,1.4177322843255584,1.0291624003393718,2.132052522279523,1.1890596164530256,0.2956250415383649,0.24898542090152803,0.5637071139556743,False,15.673846153846156,0.6215384615384617,0.0003948821954458012,1,0.18143020668672633,0.687,2.8069448318179224e-06,1,0.2384041903808527,0.0,0.7142857142857143,0.00018267179110955002,0.28655696409695314,0.43076979610177035,0.6436565847809615,2,0.809,6.919819758987119e-08,0.2789930525945598,2,12.0,0.16899999999999996,0.12578642463894,0.38207595212927087,0.5743597281356938,0.8582087797079487,0,0.22,0.07747679598313745,0.367094137707543,0,42.0,0.2889999999999999,0.043297465779303324,0.38207595212927087,0.5743597281356938,0.8582087797079487,0,0.434,0.007523569970780738,0.367094137707543,2,inns2_consensus4,yes,ensemble,fine-tuned
BLA,ens_p27a,p27a_sc_cyc_inns_02_cFOS_staple_1.0024.h5,1,norm_cfos_per_area,0.9999999999999997,2.0397035086112343,1.3787475341109743,1.028884575076025,2.0373109002257306,1.1379072070254048,0.32056041467936586,0.2289597387318689,0.6024851282386999,False,15.197538461538471,0.5998881118881123,0.0005010677528620717,1,0.18143020668672633,0.658,7.447764699131124e-06,1,0.2384041903808527,0.0,0.7142857142857143,0.00018267179110955002,0.28655696409695314,0.43076979610177035,0.6436565847809615,2,0.795,1.3335172132737115e-07,0.2789930525945598,2,13.0,0.14399999999999993,0.15899590887730153,0.38207595212927087,0.5743597281356938,0.8582087797079487,0,0.167,0.1298292751984636,0.367094137707543,0,41.0,0.25599999999999995,0.05764939242959465,0.38207595212927087,0.5743597281356938,0.8582087797079487,0,0.431,0.007866713942229321,0.367094137707543,2,inns2_consensus4,yes,model1,fine-tuned
BLA,ens_p27a,p27a_sc_cyc_inns_02_cFOS_staple_2.0021.h5,2,norm_cfos_per_area,1.0000000000000002,1.8636758418694064,1.421307804127361,0.9830233592270372,1.8268893699241227,1.387066314784166,0.28881002724229016,0.2647918242206309,0.4485135613639731,True,15.845538461538467,0.6293426573426576,0.0003623973737062171,1,0.18143020668672633,0.63,1.7550164813902197e-05,1,0.2384041903808527,0.0,0.7142857142857143,0.00018267179110955002,0.28655696409695314,0.43076979610177035,0.6436565847809615,2,0.73,1.6440840573427834e-06,0.2789930525945598,2,10.0,0.22499999999999992,0.07575268761638222,0.38207595212927087,0.5743597281356938,0.8582087797079487,0,0.276,0.04450655639684161,0.367094137707543,0,41.0,0.25599999999999995,0.05764939242959465,0.38207595212927087,0.5743597281356938,0.8582087797079487,0,0.312,0.03031238148563255,0.367094137707543,0,inns2_consensus4,yes,model2,fine-tuned
BLA,ens_p27a,p27a_sc_cyc_inns_02_cFOS_staple_3.0027.h5,3,norm_cfos_per_area,0.9999999999999997,2.1747523723492206,1.4863378781608674,1.029511095688536,2.2491101807812854,1.3495091385999392,0.33707557350194933,0.25355591316739623,0.6130124960950393,False,15.956307692307703,0.6343776223776229,0.00034287183272487025,1,0.18143020668672633,0.691,2.454814247375964e-06,1,0.2384041903808527,0.0,0.7142857142857143,0.00018267179110955002,0.28655696409695314,0.43076979610177035,0.6436565847809615,2,0.812,6.07090759774594e-08,0.2789930525945598,2,12.0,0.16899999999999996,0.12578642463894,0.38207595212927087,0.5743597281356938,0.8582087797079487,0,0.238,0.06513110521719487,0.367094137707543,0,43.0,0.32400000000000007,0.032088733978231275,0.38207595212927087,0.5743597281356938,0.8582087797079487,0,0.431,0.007808050582602767,0.367094137707543,2,inns2_consensus4,yes,model3,fine-tuned
BLA,ens_p27a,p27a_sc_cyc_inns_02_cFOS_staple_4.0027.h5,4,norm_cfos_per_area,1.0000000000000002,2.0637174324928913,1.5102411669643905,1.013000292393537,2.0881169454474544,1.4456655199222541,0.2792316936868205,0.2640438475653151,0.5046860881758857,True,16.57476923076925,0.6624895104895113,0.000251671821355804,1,0.18143020668672633,0.707,1.37835240610733e-06,1,0.2384041903808527,0.0,0.7142857142857143,0.00018267179110955002,0.28655696409695314,0.43076979610177035,0.6436565847809615,2,0.81,6.652985430013525e-08,0.2789930525945598,2,8.0,0.2889999999999999,0.043297465779303324,0.38207595212927087,0.5743597281356938,0.8582087797079487,0,0.335,0.023709692224604843,0.367094137707543,0,42.0,0.2889999999999999,0.043297465779303324,0.38207595212927087,0.5743597281356938,0.8582087797079487,0,0.383,0.013932319890220576,0.367094137707543,2,inns2_consensus4,yes,model4,fine-tuned
BLA,ens_p27a,p27a_sc_cyc_inns_02_cFOS_staple_5.0025.h5,5,norm_cfos_per_area,0.9999999999999998,1.8759712471548788,1.3418006805685068,1.0010163288780651,1.9123285780623513,1.231461766985993,0.250639578873017,0.1848740782810612,0.5172983686650333,False,15.895384615384629,0.6316083916083922,0.0003534769401568032,1,0.18143020668672633,0.666,5.78669146920333e-06,1,0.2384041903808527,0.0,0.7142857142857143,0.00018267179110955002,0.28655696409695314,0.43076979610177035,0.6436565847809615,2,0.815,5.250192026968885e-08,0.2789930525945598,2,14.0,0.121,0.19844930359201252,0.38207595212927087,0.5743597281356938,0.8582087797079487,0,0.192,0.10203618198522536,0.367094137707543,0,44.0,0.36099999999999993,0.02346497828868561,0.38207595212927087,0.5743597281356938,0.8582087797079487,0,0.408,0.010328203414702159,0.367094137707543,2,inns2_consensus4,yes,model5,fine-tuned
BLA,ens_p27b,ens_p27b,e,norm_cfos_per_area,1.0,2.057206384810095,1.5144527674333976,1.0291624003393718,2.099748992513972,1.5176192949329983,0.2956250415383649,0.2502979344807588,0.49786303899231926,True,16.57476923076925,0.6624895104895113,0.000251671821355804,1,0.18143020668672633,0.705,1.4876786648130515e-06,1,0.2384041903808527,0.0,0.7142857142857143,0.00018267179110955002,0.28655696409695314,0.43076979610177035,0.6436565847809615,2,0.805,8.179417092752583e-08,0.2789930525945598,2,8.0,0.2889999999999999,0.043297465779303324,0.38207595212927087,0.5743597281356938,0.8582087797079487,0,0.332,0.024666834892025105,0.367094137707543,0,42.0,0.2889999999999999,0.043297465779303324,0.38207595212927087,0.5743597281356938,0.8582087797079487,0,0.387,0.013273055888391557,0.367094137707543,2,inns2_consensus5,yes,ensemble,fine-tuned
BLA,ens_p27b,p27b_sc_cyc_inns_02_cFOS_staple_1.0027.h5,1,norm_cfos_per_area,1.0000000000000002,1.6918419803702556,1.359738106827756,1.0475897097076723,1.7582772343777728,1.5313612402941048,0.3076090208550075,0.1995464644959092,0.4339780030762073,True,14.929846153846157,0.5877202797202798,0.0005728291364391304,1,0.18143020668672633,0.549,0.0001554201722555785,1,0.2384041903808527,1.0,0.6859999999999999,0.00024612812790522973,0.28655696409695314,0.43076979610177035,0.6436565847809615,2,0.664,1.2064532786022347e-05,0.2789930525945598,2,9.0,0.25599999999999995,0.05764939242959465,0.38207595212927087,0.5743597281356938,0.8582087797079487,0,0.212,0.0842801680696103,0.367094137707543,0,38.0,0.16899999999999996,0.12578642463894,0.38207595212927087,0.5743597281356938,0.8582087797079487,0,0.249,0.05856604419275737,0.367094137707543,0,inns2_consensus5,yes,model1,fine-tuned
BLA,ens_p27b,p27b_sc_cyc_inns_02_cFOS_staple_2.0022.h5,2,norm_cfos_per_area,0.9999999999999997,2.0458781680128197,1.3699448439074984,1.0071767086845291,2.0435993029938677,1.2482742667700055,0.3014946605324686,0.2769348409685478,0.512036063698554,True,16.06707692307694,0.6394125874125881,0.0003243983047498963,1,0.18143020668672633,0.685,3.02012971975751e-06,1,0.2384041903808527,0.0,0.7142857142857143,0.00018267179110955002,0.28655696409695314,0.43076979610177035,0.6436565847809615,2,0.784,2.1302784678182403e-07,0.2789930525945598,2,13.0,0.14399999999999993,0.15899590887730153,0.38207595212927087,0.5743597281356938,0.8582087797079487,0,0.196,0.09804566789983947,0.367094137707543,0,44.0,0.36099999999999993,0.02346497828868561,0.38207595212927087,0.5743597281356938,0.8582087797079487,0,0.467,0.004983432767654691,0.367094137707543,2,inns2_consensus5,yes,model2,fine-tuned
BLA,ens_p27b,p27b_sc_cyc_inns_02_cFOS_staple_3.0004.h5,3,norm_cfos_per_area,0.9999999999999998,2.094684492307906,1.616830874464401,0.9912864340074111,2.060291811105237,1.7818865272291746,0.22106646670739882,0.32242475438937185,0.569084492322411,False,14.929846153846157,0.5877202797202798,0.0005728291364391304,1,0.18143020668672633,0.692,2.335912557669168e-06,1,0.2384041903808527,0.0,0.7142857142857143,0.00018267179110955002,0.28655696409695314,0.43076979610177035,0.6436565847809615,2,0.813,5.605535318356566e-08,0.2789930525945598,2,10.0,0.22499999999999992,0.07575268761638222,0.38207595212927087,0.5743597281356938,0.8582087797079487,0,0.422,0.008737145148082801,0.367094137707543,3,37.0,0.14399999999999993,0.15899590887730153,0.38207595212927087,0.5743597281356938,0.8582087797079487,0,0.254,0.05521123604929266,0.367094137707543,0,inns2_consensus5,yes,model3,fine-tuned
BLA,ens_p27b,p27b_sc_cyc_inns_02_cFOS_staple_4.0027.h5,4,norm_cfos_per_area,1.0000000000000002,1.8855375385095243,1.4636224561160727,1.0690882243422624,1.9078445227126974,1.5299281825431057,0.27258932683446546,0.21426732646591334,0.43503822236819206,True,16.33292307692308,0.6514965034965037,0.00028402123869511323,1,0.18143020668672633,0.681,3.502320823883705e-06,1,0.2384041903808527,0.0,0.7142857142857143,0.00018267179110955002,0.28655696409695314,0.43076979610177035,0.6436565847809615,2,0.784,2.1392512082333227e-07,0.2789930525945598,2,8.0,0.2889999999999999,0.043297465779303324,0.38207595212927087,0.5743597281356938,0.8582087797079487,0,0.334,0.023922482936991646,0.367094137707543,0,41.0,0.25599999999999995,0.05764939242959465,0.38207595212927087,0.5743597281356938,0.8582087797079487,0,0.336,0.023406841026290606,0.367094137707543,0,inns2_consensus5,yes,model4,fine-tuned
BLA,ens_p27b,p27b_sc_cyc_inns_02_cFOS_staple_5.0007.h5,5,norm_cfos_per_area,1.0,1.8167424047465328,1.5080828968790092,0.9967768700482245,1.804968512338111,1.5868815963969132,0.2822601641653837,0.311912030707237,0.5229827401019402,True,13.63015384615386,0.5286433566433573,0.0010971087999444963,1,0.18143020668672633,0.557,0.00012964872033110336,1,0.2384041903808527,2.0,0.6582857142857143,0.00032983852077799353,0.28655696409695314,0.43076979610177035,0.6436565847809615,2,0.677,8.476393137614265e-06,0.2789930525945598,2,10.0,0.22499999999999992,0.07575268761638222,0.38207595212927087,0.5743597281356938,0.8582087797079487,0,0.322,0.027336400698870188,0.367094137707543,0,35.0,0.09999999999999996,0.24462360512698333,0.38207595212927087,0.5743597281356938,0.8582087797079487,0,0.139,0.17136851507874235,0.367094137707543,0,inns2_consensus5,yes,model5,fine-tuned
BLA,ens_p27c,ens_p27c,e,norm_cfos_per_area,1.0,2.031664435698736,1.5253490447395073,1.011785699886052,2.017995604046896,1.7717444605670571,0.2921416274984199,0.27340475553928106,0.5161108376239123,True,15.845538461538467,0.6293426573426576,0.0003623973737062171,1,0.18143020668672633,0.68,3.623088115430988e-06,1,0.2384041903808527,0.0,0.7142857142857143,0.00018267179110955002,0.28655696409695314,0.43076979610177035,0.6436565847809615,2,0.787,1.8674161285902848e-07,0.2789930525945598,2,10.0,0.22499999999999992,0.07575268761638222,0.38207595212927087,0.5743597281356938,0.8582087797079487,0,0.334,0.024014060176226794,0.367094137707543,0,41.0,0.25599999999999995,0.05764939242959465,0.38207595212927087,0.5743597281356938,0.8582087797079487,0,0.33,0.025219735788545316,0.367094137707543,0,inns2_consensus6,yes,ensemble,fine-tuned
BLA,ens_p27c,p27c_sc_cyc_inns_02_cFOS_staple_1.0024.h5,1,norm_cfos_per_area,1.0000000000000002,1.960144005861443,1.3375952423282844,1.011207925899233,2.030200365365925,1.1683156206712448,0.30356189782593107,0.28117552952658575,0.48341393885200173,True,15.895384615384629,0.6316083916083922,0.0003534769401568032,1,0.18143020668672633,0.655,8.363196715212488e-06,1,0.2384041903808527,0.0,0.7142857142857143,0.00018267179110955002,0.28655696409695314,0.43076979610177035,0.6436565847809615,2,0.749,8.199400769070053e-07,0.2789930525945598,2,14.0,0.121,0.19844930359201252,0.38207595212927087,0.5743597281356938,0.8582087797079487,0,0.177,0.11816812540839182,0.367094137707543,0,44.0,0.36099999999999993,0.02346497828868561,0.38207595212927087,0.5743597281356938,0.8582087797079487,0,0.44,0.007048946846566875,0.367094137707543,2,inns2_consensus6,yes,model1,fine-tuned
BLA,ens_p27c,p27c_sc_cyc_inns_02_cFOS_staple_2.0023.h5,2,norm_cfos_per_area,1.0,1.715862447052651,1.4362916625923534,0.9835791406193091,1.77639483519695,1.5831433339402314,0.3368665078076626,0.22083958111431626,0.3653100920791446,False,13.812923076923084,0.5369510489510493,0.001001294577763882,1,0.18143020668672633,0.565,0.00010632328150499658,1,0.2384041903808527,3.0,0.6311428571428572,0.00043963875262656454,0.28655696409695314,0.43076979610177035,0.6436565847809615,2,0.637,2.4766584217565607e-05,0.2789930525945598,2,9.0,0.25599999999999995,0.05764939242959465,0.38207595212927087,0.5743597281356938,0.8582087797079487,0,0.29,0.038439500661669054,0.367094137707543,0,37.0,0.14399999999999993,0.15899590887730153,0.38207595212927087,0.5743597281356938,0.8582087797079487,0,0.211,0.08476511438205078,0.367094137707543,0,inns2_consensus6,yes,model2,fine-tuned
BLA,ens_p27c,p27c_sc_cyc_inns_02_cFOS_staple_3.0005.h5,3,norm_cfos_per_area,0.9999999999999998,2.0308300416496206,1.4706266001694115,1.0184115653964003,2.0624471134269178,1.6543689019988659,0.1750699317473657,0.22670550439600134,0.43028390348428747,False,17.652923076923088,0.711496503496504,0.0001467967562435541,1,0.18143020668672633,0.783,5.1516839030943486e-08,1,0.2384041903808527,0.0,0.7142857142857143,0.00018267179110955002,0.28655696409695314,0.43076979610177035,0.6436565847809615,2,0.878,1.1788714139511086e-09,0.2789930525945598,2,8.0,0.2889999999999999,0.043297465779303324,0.38207595212927087,0.5743597281356938,0.8582087797079487,0,0.421,0.008898803238685124,0.367094137707543,3,46.0,0.44099999999999984,0.012048283642041375,0.38207595212927087,0.5743597281356938,0.8582087797079487,2,0.465,0.005101493639555743,0.367094137707543,2,inns2_consensus6,yes,model3,fine-tuned
BLA,ens_p27c,p27c_sc_cyc_inns_02_cFOS_staple_4.0005.h5,4,norm_cfos_per_area,1.0,1.8872099347186542,1.5745075220949052,1.0468612752473443,1.8383117570718024,1.7805161746123763,0.21467631033905774,0.3133883459769052,0.4640376522549665,True,14.654769230769247,0.5752167832167839,0.0006572904082949263,1,0.18143020668672633,0.65,9.779568484029696e-06,1,0.2384041903808527,0.0,0.7142857142857143,0.00018267179110955002,0.28655696409695314,0.43076979610177035,0.6436565847809615,2,0.752,7.499172530517091e-07,0.2789930525945598,2,8.0,0.2889999999999999,0.043297465779303324,0.38207595212927087,0.5743597281356938,0.8582087797079487,0,0.463,0.0052424183225517115,0.367094137707543,3,32.0,0.049,0.4259831165449188,0.38207595212927087,0.5743597281356938,0.8582087797079487,0,0.157,0.1431958050873886,0.367094137707543,0,inns2_consensus6,yes,model4,fine-tuned
BLA,ens_p27c,p27c_sc_cyc_inns_02_cFOS_staple_5.0008.h5,5,norm_cfos_per_area,1.0,1.8594529657744476,1.453963135302638,1.0030884244374083,1.7636746066537992,1.6322110014961588,0.26116959803304696,0.37957897511798355,0.5054458448442584,True,14.006769230769237,0.5457622377622381,0.0009088008130244475,1,0.18143020668672633,0.558,0.0001271492918970639,1,0.2384041903808527,1.0,0.6859999999999999,0.00024612812790522973,0.28655696409695314,0.43076979610177035,0.6436565847809615,2,0.659,1.3876978942765654e-05,0.2789930525945598,2,11.0,0.196,0.09824834872949126,0.38207595212927087,0.5743597281356938,0.8582087797079487,0,0.296,0.03612235249551615,0.367094137707543,0,36.0,0.121,0.19844930359201252,0.38207595212927087,0.5743597281356938,0.8582087797079487,0,0.191,0.10313932176564443,0.367094137707543,0,inns2_consensus6,yes,model5,fine-tuned
BLA,ens_x0,ens_x0,e,norm_cfos_per_area,0.9999999999999998,1.910395221571385,1.4342607872271167,1.0492259672145092,1.89028440963917,1.6459819147168704,0.3155392274590098,0.5356778910308306,0.5898657443640339,True,10.775529049634478,0.3988876840742945,0.004572182921297382,1,0.18143020668672633,0.46,0.0011426916953981962,1,0.2384041903808527,7.5,0.5160714285714285,0.0014927163774879203,0.28655696409695314,0.43076979610177035,0.6436565847809615,2,0.544,0.00020775125204755077,0.2789930525945598,2,14.0,0.121,0.19844930359201252,0.38207595212927087,0.5743597281356938,0.8582087797079487,0,0.216,0.08126948231578099,0.367094137707543,0,37.0,0.14399999999999993,0.15899590887730153,0.38207595212927087,0.5743597281356938,0.8582087797079487,0,0.16,0.1399158249576166,0.367094137707543,0,wue1_consensus1,no,ensemble,frozen
BLA,ens_x0,sc_cyca_cFOS_staple_1.0010.h5,1,norm_cfos_per_area,0.9999999999999998,1.2896545664025232,0.5679286915206483,1.1033730853715087,1.016523927899373,0.26846281436492064,0.7366156435878031,0.5580127272527091,0.5619135983231839,False,3.3286153846153894,0.06039160839160861,0.1893216814788694,0,0.18143020668672633,0.164,0.1400860595671659,0,0.2384041903808527,37.0,0.048285714285714286,0.3447042220069576,0.28655696409695314,0.43076979610177035,0.6436565847809615,0,0.052,0.33473163550239526,0.2789930525945598,0,34.0,0.08100000000000002,0.29786016754980615,0.38207595212927087,0.5743597281356938,0.8582087797079487,0,0.092,0.2719569813644397,0.367094137707543,0,39.0,0.196,0.09824834872949126,0.38207595212927087,0.5743597281356938,0.8582087797079487,0,0.299,0.03481417716858441,0.367094137707543,0,wue1_consensus1,no,model1,frozen
BLA,ens_x0,sc_cyca_cFOS_staple_2.0012.h5,2,norm_cfos_per_area,1.0,2.3011142276615173,1.2772874924557047,1.1519704836966125,2.325222351389617,1.2654424906135293,0.49974200181016326,0.6750343045418742,0.8276457565990912,True,11.126769230769241,0.41485314685314734,0.0038357717900153456,1,0.18143020668672633,0.498,0.000508492049762466,1,0.2384041903808527,7.0,0.5282857142857141,0.0013149446697132139,0.28655696409695314,0.43076979610177035,0.6436565847809615,2,0.571,0.0001156201978431179,0.2789930525945598,2,20.0,0.02499999999999999,0.5815410024314953,0.38207595212927087,0.5743597281356938,0.8582087797079487,0,0.049,0.42847060336548126,0.367094137707543,0,41.0,0.25599999999999995,0.05764939242959465,0.38207595212927087,0.5743597281356938,0.8582087797079487,0,0.338,0.022996674252454788,0.367094137707543,0,wue1_consensus1,no,model2,frozen
BLA,ens_x0,sc_cyca_cFOS_staple_3.0008.h5,3,norm_cfos_per_area,1.0,1.7149430803725536,1.386486844862026,0.9623233948514114,1.7218442487028236,1.696210636211202,0.26886102154525626,0.38463641966121487,0.5462595025319918,True,11.414769230769238,0.42794405594405627,0.003321347797325419,1,0.18143020668672633,0.446,0.001501523357569422,1,0.2384041903808527,4.0,0.6045714285714285,0.0005828399431792743,0.28655696409695314,0.43076979610177035,0.6436565847809615,2,0.563,0.0001379918327024087,0.2789930525945598,2,14.0,0.121,0.19844930359201252,0.38207595212927087,0.5743597281356938,0.8582087797079487,0,0.213,0.08365838244178161,0.367094137707543,0,33.0,0.06399999999999999,0.35832646674888025,0.38207595212927087,0.5743597281356938,0.8582087797079487,0,0.125,0.196746304487549,0.367094137707543,0,wue1_consensus1,no,model3,frozen
BLA,ens_x0,sc_cyca_cFOS_staple_4.0010.h5,4,norm_cfos_per_area,1.0,2.040964491394857,1.41614212887606,1.049156054089512,1.9903043882407756,1.4500848829901654,0.43541741469135814,0.7836454802491019,0.6874509212471388,True,8.3723076923077,0.28965034965035,0.015204651987365394,1,0.18143020668672633,0.374,0.005738370383785314,1,0.2384041903808527,12.0,0.4125714285714285,0.004586392080253494,0.28655696409695314,0.43076979610177035,0.6436565847809615,2,0.428,0.001744435560364481,0.2789930525945598,2,17.0,0.06399999999999999,0.35832646674888025,0.38207595212927087,0.5743597281356938,0.8582087797079487,0,0.138,0.17227945818279222,0.367094137707543,0,36.0,0.121,0.19844930359201252,0.38207595212927087,0.5743597281356938,0.8582087797079487,0,0.149,0.15490087253541815,0.367094137707543,0,wue1_consensus1,no,model4,frozen
BLA,ens_x0c,ens_x0c,e,norm_cfos_per_area,1.0,1.235388187606875,1.5223116125265885,0.7235770072820371,1.1974911213470145,1.1272834699514644,0.8883488859734414,0.338622103560324,0.670007946721929,False,7.508307692307696,0.25037762237762257,0.023420259369943384,1,0.18143020668672633,0.086,0.37280555604155624,0,0.2384041903808527,18.0,0.2925714285714285,0.017257456083119765,0.28655696409695314,0.43076979610177035,0.6436565847809615,0,0.033,0.44382842428765334,0.2789930525945598,0,8.0,0.2889999999999999,0.043297465779303324,0.38207595212927087,0.5743597281356938,0.8582087797079487,0,0.093,0.2698152319332025,0.367094137707543,0,21.0,0.015999999999999997,0.6681701611064071,0.38207595212927087,0.5743597281356938,0.8582087797079487,0,0.088,0.281658253888555,0.367094137707543,0,wue1_consensus2,no,ensemble,frozen
BLA,ens_x0c,sc_cycc3_cFOS_staple_1.0012.h5,1,norm_cfos_per_area,0.9999999999999997,1.1961791381449314,0.7501320517633491,0.6658093250649755,1.0560107758402855,0.9666791584719009,0.9095213012244423,0.44247162438093224,0.42426741153018743,False,3.153230769230774,0.052419580419580634,0.2066734258096443,0,0.18143020668672633,0.064,0.48412395067052155,0,0.2384041903808527,28.0,0.13828571428571426,0.10410988966022681,0.28655696409695314,0.43076979610177035,0.6436565847809615,0,0.02,0.5473138612720249,0.2789930525945598,0,25.0,0.0,0.9511702692969356,0.38207595212927087,0.5743597281356938,0.8582087797079487,0,0.025,0.5746964088077053,0.367094137707543,0,35.0,0.09999999999999996,0.24462360512698333,0.38207595212927087,0.5743597281356938,0.8582087797079487,0,0.211,0.08509627019196711,0.367094137707543,0,wue1_consensus2,no,model1,frozen
BLA,ens_x0c,sc_cycc3_cFOS_staple_2.0012.h5,2,norm_cfos_per_area,0.9999999999999998,1.0239425874160895,1.4081861889017429,0.6310676034769503,0.9677992971335756,0.9977720963921327,0.9480824419972291,0.30410296084889926,0.6666064007842765,False,5.285538461538479,0.14934265734265814,0.07116392710250853,0,0.18143020668672633,0.056,0.5325228578279637,0,0.2384041903808527,27.0,0.15114285714285713,0.08897301170181328,0.28655696409695314,0.43076979610177035,0.6436565847809615,0,0.0,0.9402236077032491,0.2789930525945598,0,10.0,0.22499999999999992,0.07575268761638222,0.38207595212927087,0.5743597281356938,0.8582087797079487,0,0.053,0.4078158374153298,0.367094137707543,0,15.0,0.09999999999999996,0.24462360512698333,0.38207595212927087,0.5743597281356938,0.8582087797079487,0,0.159,0.14142090956859918,0.367094137707543,0,wue1_consensus2,no,model2,frozen
BLA,ens_x0c,sc_cycc3_cFOS_staple_3.0009.h5,3,norm_cfos_per_area,1.0000000000000002,1.9010658157429734,1.4395085139310826,1.0421508213473991,1.9165457596798419,1.7217103158111962,0.21965851522156873,0.46401957606251676,0.5115551604468319,True,14.673230769230784,0.5760559440559447,0.0006512510291590131,1,0.18143020668672633,0.543,0.00018215004653577709,1,0.2384041903808527,2.0,0.6582857142857143,0.00032983852077799353,0.28655696409695314,0.43076979610177035,0.6436565847809615,2,0.631,2.8674129668017077e-05,0.2789930525945598,2,11.0,0.196,0.09824834872949126,0.38207595212927087,0.5743597281356938,0.8582087797079487,0,0.303,0.033470802215329255,0.367094137707543,0,41.0,0.25599999999999995,0.05764939242959465,0.38207595212927087,0.5743597281356938,0.8582087797079487,0,0.192,0.10212698243502435,0.367094137707543,0,wue1_consensus2,no,model3,frozen
BLA,ens_x0c,sc_cycc3_cFOS_staple_4.0012.h5,4,norm_cfos_per_area,1.0000000000000002,1.216973636496324,1.5280693420800218,0.7154226134527908,1.206989838670628,1.3009889033783621,0.8986063795964025,0.3810134144266459,0.6865292534908604,False,5.5858407079646115,0.1629927594529369,0.06124210388798022,0,0.18143020668672633,0.082,0.38818730412708713,0,0.2384041903808527,24.5,0.1857857142857143,0.05868668127026371,0.28655696409695314,0.43076979610177035,0.6436565847809615,0,0.027,0.49106711766027966,0.2789930525945598,0,9.0,0.25599999999999995,0.05764939242959465,0.38207595212927087,0.5743597281356938,0.8582087797079487,0,0.092,0.2712508227263125,0.367094137707543,0,20.0,0.02499999999999999,0.5815410024314953,0.38207595212927087,0.5743597281356938,0.8582087797079487,0,0.092,0.27234707099046906,0.367094137707543,0,wue1_consensus2,no,model4,frozen
BLA,ens_x0d,ens_x0d,e,norm_cfos_per_area,1.0,1.252994837985757,1.4947907970894387,0.6936238220755313,1.1927672103899627,1.262992773429001,0.8077385853130504,0.37224602236114057,0.7931855138597371,False,5.76369230769231,0.17107692307692315,0.05603122502859064,0,0.18143020668672633,0.082,0.3894115900484752,0,0.2384041903808527,21.0,0.2402857142857143,0.031209012771740218,0.28655696409695314,0.43076979610177035,0.6436565847809615,0,0.043,0.38024143554750744,0.2789930525945598,0,11.0,0.196,0.09824834872949126,0.38207595212927087,0.5743597281356938,0.8582087797079487,0,0.089,0.28110443765944815,0.367094137707543,0,21.0,0.015999999999999997,0.6681701611064071,0.38207595212927087,0.5743597281356938,0.8582087797079487,0,0.049,0.4267463490609831,0.367094137707543,0,wue1_consensus3,no,ensemble,frozen
BLA,ens_x0d,sc_cycd4_cFOS_staple_1.0011.h5,1,norm_cfos_per_area,0.9999999999999998,1.7610021786834646,1.7055326800863049,0.9823033473833218,1.6451933568636,1.5978672333753927,0.6761863389313593,0.6167220737448889,0.49287188332115567,False,6.230769230769241,0.19230769230769276,0.04436144177290644,1,0.18143020668672633,0.281,0.026735971248814702,1,0.2384041903808527,20.0,0.2571428571428572,0.025748080821108063,0.28655696409695314,0.43076979610177035,0.6436565847809615,0,0.278,0.017009068090201026,0.2789930525945598,0,10.0,0.22499999999999992,0.07575268761638222,0.38207595212927087,0.5743597281356938,0.8582087797079487,0,0.246,0.06008582753270348,0.367094137707543,0,25.0,0.0,0.9511702692969356,0.38207595212927087,0.5743597281356938,0.8582087797079487,0,0.002,0.8644080898390345,0.367094137707543,0,wue1_consensus3,no,model1,frozen
BLA,ens_x0d,sc_cycd4_cFOS_staple_2.0012.h5,2,norm_cfos_per_area,1.0000000000000004,1.62635963417122,1.3951202763221215,0.9186242444598569,1.6360131108590275,1.6067905750436233,0.5342032233291233,0.47250064067594816,0.594270441093623,False,6.7846153846153925,0.21748251748251785,0.033630977333016725,1,0.18143020668672633,0.249,0.042719616827306385,1,0.2384041903808527,14.0,0.3702857142857142,0.00728455700947966,0.28655696409695314,0.43076979610177035,0.6436565847809615,2,0.3,0.012426141472341256,0.2789930525945598,2,16.0,0.08100000000000002,0.29786016754980615,0.38207595212927087,0.5743597281356938,0.8582087797079487,0,0.116,0.21498306402158854,0.367094137707543,0,29.0,0.015999999999999997,0.6681701611064071,0.38207595212927087,0.5743597281356938,0.8582087797079487,0,0.05,0.4254137886171021,0.367094137707543,0,wue1_consensus3,no,model2,frozen
BLA,ens_x0d,sc_cycd4_cFOS_staple_3.0011.h5,3,norm_cfos_per_area,1.0,1.2560335550456405,1.4009044814962048,0.8189073707034378,1.1594619749834272,1.2175464607250153,0.7667055474965502,0.5213862568143951,0.8101373774827575,False,3.2547692307692415,0.057034965034965524,0.19644267600768298,0,0.18143020668672633,0.057,0.524738916872505,0,0.2384041903808527,28.0,0.13828571428571426,0.10410988966022681,0.28655696409695314,0.43076979610177035,0.6436565847809615,0,0.041,0.394038823298831,0.2789930525945598,0,15.0,0.09999999999999996,0.24462360512698333,0.38207595212927087,0.5743597281356938,0.8582087797079487,0,0.063,0.36534431158584507,0.367094137707543,0,20.0,0.02499999999999999,0.5815410024314953,0.38207595212927087,0.5743597281356938,0.8582087797079487,0,0.014,0.6788849200258389,0.367094137707543,0,wue1_consensus3,no,model3,frozen
BLA,ens_x0d,sc_cycd4_cFOS_staple_4.0011.h5,4,norm_cfos_per_area,1.0,1.9146562891136163,1.4752256812423057,0.9840648087093764,2.042811905969456,1.8020542680033758,0.3478275457420054,0.4890136860891635,0.6164034688646347,True,11.791384615384615,0.44506293706293704,0.002751270957537673,1,0.18143020668672633,0.468,0.0009707317999090291,1,0.2384041903808527,6.0,0.553142857142857,0.0010079762403767444,0.28655696409695314,0.43076979610177035,0.6436565847809615,2,0.563,0.0001373140933467038,0.2789930525945598,2,12.0,0.16899999999999996,0.12578642463894,0.38207595212927087,0.5743597281356938,0.8582087797079487,0,0.224,0.07480020236212197,0.367094137707543,0,37.0,0.14399999999999993,0.15899590887730153,0.38207595212927087,0.5743597281356938,0.8582087797079487,0,0.149,0.1550740788176163,0.367094137707543,0,wue1_consensus3,no,model4,frozen
